{"0": {"precision": 1.0, "recall": 0.9786342850555279, "f1-score": 0.9892017867547097, "support": 26023.0}, "1": {"precision": 0.9262599469496021, "recall": 1.0, "f1-score": 0.9617185348388873, "support": 6984.0}, "accuracy": 0.9831550883146, "macro avg": {"precision": 0.9631299734748011, "recall": 0.9893171425277639, "f1-score": 0.9754601607967985, "support": 33007.0}, "weighted avg": {"precision": 0.9843972329959106, "recall": 0.9831550883146, "f1-score": 0.9833865647902749, "support": 33007.0}}