{
    "0": {
        "precision": 1.0,
        "recall": 0.9987318910194828,
        "f1-score": 0.9993655432295772,
        "support": 26023.0
    },
    "1": {
        "precision": 0.9952971355280035,
        "recall": 1.0,
        "f1-score": 0.9976430254981787,
        "support": 6984.0
    },
    "accuracy": 0.9990002120762262,
    "macro avg": {
        "precision": 0.9976485677640017,
        "recall": 0.9993659455097414,
        "f1-score": 0.998504284363878,
        "support": 33007.0
    },
    "weighted avg": {
        "precision": 0.9990049139433326,
        "recall": 0.9990002120762262,
        "f1-score": 0.9990010731524392,
        "support": 33007.0
    }
}